rank,species,theta,avg_r,n_abx,n_tests
1,Acinetobacter baumannii,1.1594036796561906,0.49044458235460275,16,441378
2,Enterococcus faecium,0.7475249226653903,0.38408782539028147,11,155216
3,Acinetobacter spp,0.726571751538375,0.41302981891877916,13,37728
4,Staphylococcus haemolyticus,0.47210951482665575,0.36250322050056966,13,96186
5,Providencia stuartii,-0.09179541147397344,0.2716058426482694,27,44654
6,Klebsiella pneumoniae,-0.12425710690851707,0.2638031371570599,28,1684248
7,Staphylococcus spp,-0.1729154742531312,0.270211038961039,11,12320
8,Enterobacter hormaechi,-0.19236563761951034,0.2721040011271665,24,85256
9,Enterobacter cloacae,-0.24248078526997777,0.24575598902363446,28,574500
10,Staphylococcus epidermidis,-0.28868248511716166,0.25925031300958673,13,169251
11,Morganella morganii,-0.2970533874629686,0.24209186228460652,27,130151
12,Pseudomonas aeruginosa,-0.517823814860597,0.14715578416098754,14,1115175
13,Enterobacter spp,-0.5426181415969586,0.2200011391065544,24,61381
14,Citrobacter freundii,-0.557854545926753,0.20116803822662432,28,138447
15,Klebsiella aerogenes,-0.6513970621173979,0.1891928449017566,28,250408
16,Enterobacter asburiae,-0.7054028638585359,0.18182682458711905,24,31822
17,Clostridioides difficile,-0.7446544309384188,0.1399986320944017,6,27485
18,Serratia marcescens,-0.7642154101901504,0.1754069835834299,28,362189
19,Enterobacter kobei,-0.8180263978695421,0.1723922017703812,28,18479
20,Providencia rettgeri,-0.8299517789259345,0.16958774131170012,27,40264
21,Escherichia coli,-0.8481606929147963,0.16543485588989876,28,1930879
22,Acinetobacter nosocomialis,-0.9222338172683325,0.13141447368209444,16,19314
23,Proteus mirabilis,-0.9271344266720377,0.16007283508318476,27,199373
24,Enterococcus faecalis,-1.039648440750397,0.18509918655562602,11,306048
25,Proteus vulgaris,-1.3728357974616212,0.11617058483860827,27,71327
26,Staphylococcus aureus,-1.4559225963656106,0.14701411897790667,15,1793602
27,Bacteroides fragilis,-1.6357794779022639,0.05243715217808482,6,20844
28,Klebsiella oxytoca,-1.7513190101873952,0.08481573927207373,28,306229
29,Stenotrophomonas maltophilia,-1.8685476199868774,0.0829515131886188,3,4624
30,Streptococcus agalactiae,-2.063940359083572,0.09316745905973212,16,258956
31,Acinetobacter pitii,-2.1966091660176366,0.04038591220527316,16,45002
32,Streptococcus pneumoniae,-2.2178480923522805,0.09431768297973235,17,574488
33,Acinetobacter ursingii,-2.24867945269724,0.03961329570293803,15,14733
34,Citrobacter koseri,-2.345642104725791,0.05224743342202903,28,121274
35,Acinetobacter lwoffii,-2.3719876819595562,0.03434352012431188,15,18314
36,Klebsiella variicola,-2.5823000934895033,0.04413379473832695,27,64082
37,Clostridium perfringens,-2.719576763299477,0.02526724975704567,6,8232
38,Streptococcus dysgalactiae,-2.892072359264597,0.028397936355750355,14,36202
39,Haemophilus influenzae,-4.104233272663363,0.014902647781407577,17,343516
40,Streptococcus pyogenes,-4.2723698161750905,0.012294279151104173,15,161389
41,Moraxella catarrhalis,-5.904300053238476,0.0011695906432748538,3,1710
