rank,antibiotic,b,n_spp,R_pct
1,Metronidazole,5.161978307798718,3,0.0014722383537008963
2,Linezolid,4.9801544498998815,10,0.0042521023138627585
3,Daptomycin,4.672583957432389,9,0.006351065597609476
4,Cefiderocol,4.4751734692821925,24,0.008694182605062096
5,Tigecycline,4.312985105771407,32,0.006631512498196702
6,Teicoplanin,3.1764494496003337,6,0.0388237204104001
7,Meropenem vaborbactam,2.9775547411518186,18,0.025277855906969213
8,Vancomycin,2.9530303570961056,10,0.030278991039133583
9,Ceftazidime avibactam,2.8017452640491216,19,0.029876768186998314
10,Ertapenem,2.7952338036822955,20,0.02205512689188286
11,Doripenem,2.1307135195096714,25,0.05479915872139969
12,Amikacin,1.981790752648842,25,0.07385068812208041
13,Meropenem,1.815251839883947,33,0.06965427016548943
14,Minocycline,1.7753553814631167,26,0.07584705911583921
15,Cefoxitin,1.5939166624145427,1,0.038860103626943004
16,Ceftolozane tazobactam,1.5184892874463047,19,0.09961904636392094
17,Cefepime,1.4023676388495423,26,0.11577220757284959
18,Imipenem,1.2021358780862472,27,0.13214141677251656
19,Ceftibuten,1.1322843794144828,17,0.13781790555039763
20,Piperacillin tazobactam,1.081274189143826,29,0.14110787908812908
21,Gentamicin,0.9853757019580659,29,0.1677310335406657
22,Aztreonam,0.8769181222725582,20,0.16090167156117358
23,Ceftazidime,0.7514377687514358,26,0.19034301741323187
24,Ciprofloxacin,0.6729376227217967,25,0.20755753441795075
25,Ceftriaxone,0.6494750321653678,26,0.15933670679513862
26,Levofloxacin,0.5292767503307982,38,0.2105260072711431
27,Trimethoprim sulfa,0.5223193095248334,30,0.22992009358727195
28,Ampicillin sulbactam,0.38843339658847875,25,0.24373267705827076
29,Colistin,0.26466954619486194,25,0.2743107108860898
30,Penicillin,0.23696558905224216,8,0.17329008238370802
31,Ceftaroline,0.2340154616276326,24,0.21924690481551767
32,Cefpodoxime,0.12238859924499891,17,0.2928640801824589
33,Cefixime,0.08011950609738595,17,0.30134765845526884
34,Moxifloxacin,-0.06120334552309552,4,0.3437333075957528
35,Clindamycin,-0.11653664876609167,11,0.2453128961285855
36,Quinupristin dalfopristin,-0.257712726303289,2,0.5237039079735266
37,Azithromycin,-0.9343783386646072,4,0.21738366290848077
38,Amoxycillin clavulanate,-1.0453165317523776,20,0.5054862483635788
39,Oxacillin,-1.179631980905845,4,0.6779888331037661
40,Erythromycin,-1.2603026499035026,10,0.5007379222161675
41,Clarithromycin,-1.426796635983262,1,0.31174322506246394
42,Ampicillin,-1.7800907282980143,23,0.6424000445721698
