species,antibiotic,window,n_species_drug_window_tests,n_resistant,resistance_rate
Acinetobacter baumannii,Meropenem,2004-2009,8295,3591,0.4329
Acinetobacter baumannii,Levofloxacin,2004-2009,12091,5544,0.4585
Acinetobacter baumannii,Ceftriaxone,2004-2009,12091,6596,0.5455
Acinetobacter baumannii,Meropenem,2010-2014,9345,5396,0.5774
Acinetobacter baumannii,Levofloxacin,2010-2014,9345,5246,0.5614
Acinetobacter baumannii,Ceftriaxone,2010-2014,6929,4140,0.5975
Acinetobacter baumannii,Meropenem,2015-2019,9984,6697,0.6708
Acinetobacter baumannii,Levofloxacin,2015-2019,9984,6138,0.6148
Acinetobacter baumannii,Ceftriaxone,2015-2019,3811,1918,0.5033
Acinetobacter baumannii,Meropenem,2020-2024,13591,9398,0.6915
Acinetobacter baumannii,Levofloxacin,2020-2024,13591,8680,0.6387
Klebsiella pneumoniae,Meropenem,2004-2009,13833,679,0.0491
Klebsiella pneumoniae,Levofloxacin,2004-2009,19904,4680,0.2351
Klebsiella pneumoniae,Ceftriaxone,2004-2009,19904,5464,0.2745
Klebsiella pneumoniae,Meropenem,2010-2014,23855,1713,0.0718
Klebsiella pneumoniae,Levofloxacin,2010-2014,23855,6847,0.287
Klebsiella pneumoniae,Ceftriaxone,2010-2014,13515,4382,0.3242
Klebsiella pneumoniae,Meropenem,2015-2019,31363,3550,0.1132
Klebsiella pneumoniae,Levofloxacin,2015-2019,31363,9774,0.3116
Klebsiella pneumoniae,Ceftriaxone,2015-2019,16532,6423,0.3885
Klebsiella pneumoniae,Meropenem,2020-2024,31824,5858,0.1841
Klebsiella pneumoniae,Levofloxacin,2020-2024,31824,10622,0.3338
Escherichia coli,Meropenem,2004-2009,17009,126,0.0074
Escherichia coli,Levofloxacin,2004-2009,25102,8480,0.3378
Escherichia coli,Ceftriaxone,2004-2009,25102,4602,0.1833
Escherichia coli,Meropenem,2010-2014,31127,109,0.0035
Escherichia coli,Levofloxacin,2010-2014,31127,11522,0.3702
Escherichia coli,Ceftriaxone,2010-2014,17725,4004,0.2259
Escherichia coli,Meropenem,2015-2019,36650,305,0.0083
Escherichia coli,Levofloxacin,2015-2019,36650,14031,0.3828
Escherichia coli,Ceftriaxone,2015-2019,19934,5558,0.2788
Escherichia coli,Meropenem,2020-2024,32999,799,0.0242
Escherichia coli,Levofloxacin,2020-2024,32999,12153,0.3683
Pseudomonas aeruginosa,Meropenem,2004-2009,13428,3109,0.2315
Pseudomonas aeruginosa,Levofloxacin,2004-2009,19733,7452,0.3776
Pseudomonas aeruginosa,Meropenem,2010-2014,21802,4738,0.2173
Pseudomonas aeruginosa,Levofloxacin,2010-2014,21802,6758,0.31
Pseudomonas aeruginosa,Meropenem,2015-2019,34476,7238,0.2099
Pseudomonas aeruginosa,Levofloxacin,2015-2019,34476,9499,0.2755
Pseudomonas aeruginosa,Meropenem,2020-2024,39796,7136,0.1793
Pseudomonas aeruginosa,Levofloxacin,2020-2024,39793,8409,0.2113
Staphylococcus aureus,Levofloxacin,2004-2009,24926,8877,0.3561
Staphylococcus aureus,Levofloxacin,2010-2014,49048,19073,0.3889
Staphylococcus aureus,Levofloxacin,2015-2019,55248,18297,0.3312
Staphylococcus aureus,Levofloxacin,2020-2024,43661,9248,0.2118
