species,region,antibiotic,n_tests,n_resistant,resistance_rate
Acinetobacter baumannii,North America,Meropenem,5915,2268,0.3834
Acinetobacter baumannii,Western Europe,Meropenem,11237,5362,0.4772
Acinetobacter baumannii,Eastern Europe,Meropenem,4407,3079,0.6987
Acinetobacter baumannii,Latin America,Meropenem,5178,3849,0.7433
Acinetobacter baumannii,East Asia,Meropenem,3900,2637,0.6762
Acinetobacter baumannii,South/SE Asia,Meropenem,3176,2533,0.7975
Acinetobacter baumannii,Middle East,Meropenem,2978,2422,0.8133
Klebsiella pneumoniae,North America,Meropenem,15565,582,0.0374
Klebsiella pneumoniae,Western Europe,Meropenem,29344,2298,0.0783
Klebsiella pneumoniae,Eastern Europe,Meropenem,8157,818,0.1003
Klebsiella pneumoniae,Latin America,Meropenem,13770,2100,0.1525
Klebsiella pneumoniae,East Asia,Meropenem,8898,871,0.0979
Klebsiella pneumoniae,South/SE Asia,Meropenem,7439,2132,0.2866
Klebsiella pneumoniae,Middle East,Meropenem,5903,932,0.1579
Escherichia coli,North America,Meropenem,19406,62,0.0032
Escherichia coli,Western Europe,Meropenem,37294,106,0.0028
Escherichia coli,Eastern Europe,Meropenem,8874,28,0.0032
Escherichia coli,Latin America,Meropenem,15459,224,0.0145
Escherichia coli,East Asia,Meropenem,10467,138,0.0132
Escherichia coli,South/SE Asia,Meropenem,6839,582,0.0851
Escherichia coli,Middle East,Meropenem,6089,68,0.0112
Pseudomonas aeruginosa,North America,Meropenem,17694,2694,0.1523
Pseudomonas aeruginosa,Western Europe,Meropenem,34925,6028,0.1726
Pseudomonas aeruginosa,Eastern Europe,Meropenem,9168,2511,0.2739
Pseudomonas aeruginosa,Latin America,Meropenem,13694,3980,0.2906
Pseudomonas aeruginosa,East Asia,Meropenem,9447,1773,0.1877
Pseudomonas aeruginosa,South/SE Asia,Meropenem,6937,1560,0.2249
Pseudomonas aeruginosa,Middle East,Meropenem,5900,1247,0.2114
